<?xml version="1.0" encoding="UTF-8" standalone="yes"?>
<addon id="plugin.video.anidub"
       name="[COLOR=FF666E7F]Ani[/COLOR][COLOR=FFE84C3D]DUB[/COLOR]"
       version="0.6.0.2"
       provider-name="1orgar">
  <requires>
    <import addon="xbmc.python" version="2.7.8"/>
        <import addon="script.module.beautifulsoup4"/>
        <import addon="script.module.tengine"/>
  </requires>
  <extension point="xbmc.python.pluginsource" library="default.py">
        <provides>video</provides>
  </extension>
  <extension point="xbmc.addon.metadata">
    <summary>Anidub</summary>
    <description>[COLOR=FF666E7F]Ani[/COLOR][COLOR=FFE84C3D]DUB[/COLOR] tracker client</description>
    <platform>all</platform>
  </extension>
</addon>
