<?xml version='1.0' encoding='UTF-8' standalone='yes'?>
<addon id='plugin.program.python.version.check' version='1.0.0.0' name='Kodi python version checker' provider-name='1orgar'>
  <requires>
    <import addon='xbmc.python' version='2.7.10'/>
  </requires>
    <extension point="xbmc.python.script" library="default.py">
    	<provides>executable</provides>
    </extension>
  <extension point='xbmc.addon.metadata'>
    <platform>all</platform>
    <summary>Kodi python version checker</summary>
  </extension>
</addon>
