<?xml version="1.0" encoding="UTF-8" standalone="yes"?>
<addon id="plugin.video.torrent.file.player"
       name="Torrent file player"
       version="0.4.1.6"
       provider-name="1orgar">
  <requires>
      <import addon="xbmc.python" version="2.7.8"/>
      <import addon="script.module.libtorrent"/>
      <import addon="script.module.torrent.ts"/>
      <import addon="script.module.pyrrent2http" />
  </requires>
  <extension point="xbmc.python.pluginsource" library="default.py">
        <provides>video</provides>
  </extension>
  <extension point="xbmc.addon.metadata">
    <summary>Torrent file player</summary>
    <description>Torrent file player for for AceStream and pyrrent2http</description>
    <platform>all</platform>
  </extension>
</addon>
