<?xml version="1.0" encoding="UTF-8" standalone="yes"?>
<addon id="script.module.langdetect"
       name="requests"
       version="1.0.5"
       provider-name="Mimino666">
  <requires>
    <import addon="xbmc.python" version="2.7.0"/>
  </requires>
  <extension point="xbmc.python.module"
             library="lib" />
  <extension point="xbmc.addon.metadata">
    <summary>language detection library</summary>
    <description>This library is a direct port of [language-detection](https://code.google.com/p/language-detection/) from Java to Python.</description>
    <platform>all</platform>
    <license>Apache2</license>
    <website>https://github.com/Mimino666/langdetect</website>
  </extension>
</addon>
