<?xml version="1.0" encoding="UTF-8" standalone="yes"?>
<addon id="script.module.cfscrape"
       name="cfscrape"
       version="1.3"
       provider-name="Anorov">
  <requires>
    <import addon="xbmc.python" version="2.7.8"/>
    <import addon="script.module.js2py"/>
  </requires>
  <extension point="xbmc.python.module"
             library="lib" />
  <extension point="xbmc.addon.metadata">
    <summary>A simple Python module to bypass Cloudflare's anti-bot page</summary>
    <description>Packed for XBMC from https://github.com/Anorov/cloudflare-scrape</description>
    <license>LGPL</license>
    <platform>all</platform>
    <source>https://github.com/Anorov/cloudflare-scrape/tree/master</source>
  </extension>
</addon>
